case_id,TARGET,mean_error_rating,error_above_median,stratum,fold
1,0,0.07692307692307693,1,0_1,3
2,1,0.6153846153846154,1,1_1,5
3,0,0.07692307692307693,1,0_1,3
4,0,0.46153846153846156,1,0_1,4
5,0,0.07692307692307693,1,0_1,4
6,0,0.23076923076923078,1,0_1,1
7,0,0.15384615384615385,1,0_1,4
8,1,0.0,0,1_0,3
9,0,0.38461538461538464,1,0_1,3
10,0,0.38461538461538464,1,0_1,3
11,1,0.07692307692307693,1,1_1,5
12,1,0.0,0,1_0,3
13,1,0.0,0,1_0,2
14,1,0.0,0,1_0,4
15,1,0.9230769230769231,1,1_1,3
16,0,0.0,0,0_0,5
17,0,0.5384615384615384,1,0_1,1
18,1,0.0,0,1_0,5
19,0,0.0,0,0_0,2
20,1,0.0,0,1_0,5
21,0,0.0,0,0_0,5
22,0,0.07692307692307693,1,0_1,1
23,0,0.07692307692307693,1,0_1,1
24,0,0.07692307692307693,1,0_1,1
25,1,0.0,0,1_0,2
26,1,0.0,0,1_0,1
27,0,0.07692307692307693,1,0_1,1
28,0,0.23076923076923078,1,0_1,2
29,1,0.7692307692307693,1,1_1,3
30,0,0.0,0,0_0,2
31,1,0.0,0,1_0,4
32,0,0.6923076923076923,1,0_1,2
33,0,0.23076923076923078,1,0_1,3
34,1,0.5384615384615384,1,1_1,4
35,0,0.3076923076923077,1,0_1,4
36,0,0.6153846153846154,1,0_1,5
37,1,0.3076923076923077,1,1_1,5
38,0,0.15384615384615385,1,0_1,3
39,0,0.07692307692307693,1,0_1,4
40,1,0.0,0,1_0,2
41,0,0.6923076923076923,1,0_1,3
42,0,0.0,0,0_0,1
43,0,0.07692307692307693,1,0_1,5
44,1,0.07692307692307693,1,1_1,1
45,1,0.0,0,1_0,2
46,0,0.0,0,0_0,5
47,1,0.0,0,1_0,1
48,0,0.0,0,0_0,5
49,0,0.0,0,0_0,3
50,0,0.23076923076923078,1,0_1,2
51,1,0.0,0,1_0,2
52,1,0.6153846153846154,1,1_1,5
53,0,0.6923076923076923,1,0_1,3
54,1,0.0,0,1_0,3
55,1,0.0,0,1_0,5
56,1,0.8461538461538461,1,1_1,1
57,1,0.07692307692307693,1,1_1,3
58,0,1.0,1,0_1,2
59,1,0.9230769230769231,1,1_1,2
60,0,0.23076923076923078,1,0_1,1
61,0,0.3076923076923077,1,0_1,1
62,0,0.07692307692307693,1,0_1,5
63,1,0.0,0,1_0,1
64,0,0.3076923076923077,1,0_1,5
65,0,0.07692307692307693,1,0_1,2
66,0,0.07692307692307693,1,0_1,4
67,0,0.3076923076923077,1,0_1,4
68,1,0.0,0,1_0,3
69,0,0.15384615384615385,1,0_1,3
70,0,0.3076923076923077,1,0_1,1
71,0,0.07692307692307693,1,0_1,2
72,1,0.15384615384615385,1,1_1,5
73,0,0.0,0,0_0,1
74,0,0.0,0,0_0,4
75,0,0.15384615384615385,1,0_1,3
76,1,0.0,0,1_0,5
77,1,0.6153846153846154,1,1_1,3
78,0,0.3076923076923077,1,0_1,1
79,0,0.0,0,0_0,3
80,1,0.38461538461538464,1,1_1,1
81,1,0.0,0,1_0,1
82,0,0.15384615384615385,1,0_1,5
83,1,0.0,0,1_0,3
84,0,0.46153846153846156,1,0_1,5
85,1,0.0,0,1_0,1
86,1,0.15384615384615385,1,1_1,1
87,0,0.0,0,0_0,4
88,0,0.23076923076923078,1,0_1,5
89,0,0.23076923076923078,1,0_1,1
90,0,0.15384615384615385,1,0_1,3
91,1,0.23076923076923078,1,1_1,3
92,0,0.15384615384615385,1,0_1,5
93,0,0.07692307692307693,1,0_1,5
94,0,0.15384615384615385,1,0_1,1
95,0,0.6153846153846154,1,0_1,2
96,1,0.9230769230769231,1,1_1,4
97,0,0.15384615384615385,1,0_1,4
98,1,0.15384615384615385,1,1_1,1
99,1,0.07692307692307693,1,1_1,1
100,0,0.46153846153846156,1,0_1,3
101,1,0.0,0,1_0,4
102,0,0.46153846153846156,1,0_1,4
103,0,0.3076923076923077,1,0_1,1
104,0,0.15384615384615385,1,0_1,4
105,0,0.0,0,0_0,5
106,1,0.0,0,1_0,3
107,0,0.0,0,0_0,3
108,1,0.07692307692307693,1,1_1,4
109,1,0.07692307692307693,1,1_1,3
110,0,0.0,0,0_0,3
111,0,0.07692307692307693,1,0_1,1
112,0,0.15384615384615385,1,0_1,2
113,0,0.07692307692307693,1,0_1,5
114,1,0.07692307692307693,1,1_1,2
115,0,0.0,0,0_0,3
116,1,0.5384615384615384,1,1_1,1
117,1,0.0,0,1_0,2
118,0,0.15384615384615385,1,0_1,4
119,0,0.0,0,0_0,1
120,1,0.23076923076923078,1,1_1,3
121,1,0.0,0,1_0,2
122,1,0.0,0,1_0,5
123,1,0.0,0,1_0,5
124,1,0.0,0,1_0,3
125,1,0.8461538461538461,1,1_1,5
126,0,0.0,0,0_0,1
127,0,0.15384615384615385,1,0_1,2
128,0,0.0,0,0_0,5
129,1,0.07692307692307693,1,1_1,2
130,1,0.0,0,1_0,5
131,1,0.9230769230769231,1,1_1,4
132,0,0.3076923076923077,1,0_1,3
133,1,0.0,0,1_0,2
134,1,0.0,0,1_0,5
135,1,0.0,0,1_0,1
136,0,0.07692307692307693,1,0_1,4
137,1,0.3076923076923077,1,1_1,4
138,1,0.15384615384615385,1,1_1,5
139,0,0.0,0,0_0,5
140,0,0.15384615384615385,1,0_1,4
141,0,0.07692307692307693,1,0_1,1
142,0,0.0,0,0_0,1
143,0,0.07692307692307693,1,0_1,1
144,1,0.0,0,1_0,4
145,0,0.07692307692307693,1,0_1,2
146,0,0.07692307692307693,1,0_1,5
147,1,0.23076923076923078,1,1_1,1
148,1,0.07692307692307693,1,1_1,2
149,0,0.7692307692307693,1,0_1,1
150,0,0.0,0,0_0,4
151,1,0.38461538461538464,1,1_1,2
152,0,0.0,0,0_0,4
153,0,0.0,0,0_0,4
154,1,0.7692307692307693,1,1_1,1
155,1,0.07692307692307693,1,1_1,5
156,1,0.9230769230769231,1,1_1,2
157,1,0.07692307692307693,1,1_1,1
158,1,0.8461538461538461,1,1_1,5
159,1,0.0,0,1_0,4
160,0,0.0,0,0_0,4
161,0,0.07692307692307693,1,0_1,2
162,1,0.0,0,1_0,2
163,1,0.9230769230769231,1,1_1,2
164,0,0.07692307692307693,1,0_1,4
165,1,0.0,0,1_0,1
166,1,0.0,0,1_0,3
167,0,0.07692307692307693,1,0_1,1
168,0,0.23076923076923078,1,0_1,1
169,0,0.07692307692307693,1,0_1,5
170,0,0.0,0,0_0,3
171,1,0.07692307692307693,1,1_1,3
172,1,0.07692307692307693,1,1_1,1
173,0,0.23076923076923078,1,0_1,2
174,0,0.15384615384615385,1,0_1,5
175,1,0.07692307692307693,1,1_1,1
176,0,0.0,0,0_0,2
177,1,0.38461538461538464,1,1_1,3
178,0,0.0,0,0_0,5
179,1,0.0,0,1_0,1
180,1,0.5384615384615384,1,1_1,5
181,1,0.07692307692307693,1,1_1,4
182,0,0.23076923076923078,1,0_1,4
183,0,0.0,0,0_0,2
184,1,0.0,0,1_0,4
185,1,0.07692307692307693,1,1_1,2
186,0,0.23076923076923078,1,0_1,2
187,0,0.15384615384615385,1,0_1,5
188,0,0.0,0,0_0,2
189,0,0.0,0,0_0,5
190,0,0.07692307692307693,1,0_1,4
191,0,0.46153846153846156,1,0_1,3
192,1,0.0,0,1_0,4
193,0,0.0,0,0_0,2
194,1,0.0,0,1_0,5
195,1,0.6153846153846154,1,1_1,4
196,0,0.15384615384615385,1,0_1,2
197,0,0.0,0,0_0,1
198,0,0.0,0,0_0,4
199,0,0.6923076923076923,1,0_1,4
200,0,0.07692307692307693,1,0_1,5
201,0,0.07692307692307693,1,0_1,3
202,1,0.0,0,1_0,4
203,0,0.38461538461538464,1,0_1,3
204,1,0.0,0,1_0,5
205,0,0.07692307692307693,1,0_1,3
206,0,0.0,0,0_0,1
207,0,0.15384615384615385,1,0_1,2
208,1,0.07692307692307693,1,1_1,3
209,0,0.0,0,0_0,1
210,1,0.46153846153846156,1,1_1,1
211,1,0.8461538461538461,1,1_1,4
212,0,0.23076923076923078,1,0_1,1
213,0,1.0,1,0_1,4
214,1,0.0,0,1_0,3
215,0,0.0,0,0_0,1
216,0,0.0,0,0_0,1
217,1,0.0,0,1_0,2
218,0,0.0,0,0_0,1
219,1,0.0,0,1_0,2
220,1,0.46153846153846156,1,1_1,2
221,0,0.23076923076923078,1,0_1,4
222,1,0.9230769230769231,1,1_1,4
223,1,0.3076923076923077,1,1_1,3
224,1,0.0,0,1_0,4
225,0,0.0,0,0_0,2
226,0,0.0,0,0_0,3
227,0,0.15384615384615385,1,0_1,2
228,0,0.46153846153846156,1,0_1,2
229,0,0.23076923076923078,1,0_1,3
230,1,0.0,0,1_0,4
231,1,0.07692307692307693,1,1_1,1
232,1,0.0,0,1_0,2
233,1,0.0,0,1_0,5
234,0,0.07692307692307693,1,0_1,3
235,1,0.0,0,1_0,3
236,1,1.0,1,1_1,3
237,0,0.0,0,0_0,1
238,0,0.23076923076923078,1,0_1,2
239,0,0.5384615384615384,1,0_1,4
240,0,0.0,0,0_0,1
241,1,0.0,0,1_0,5
242,1,0.07692307692307693,1,1_1,5
243,1,0.07692307692307693,1,1_1,5
244,0,0.07692307692307693,1,0_1,1
245,1,0.6153846153846154,1,1_1,5
246,1,0.6153846153846154,1,1_1,5
247,0,0.0,0,0_0,4
248,0,0.15384615384615385,1,0_1,2
249,1,0.0,0,1_0,3
250,0,0.7692307692307693,1,0_1,3
251,1,0.07692307692307693,1,1_1,4
252,0,0.15384615384615385,1,0_1,5
253,1,0.0,0,1_0,3
254,0,0.0,0,0_0,5
255,1,0.07692307692307693,1,1_1,1
256,1,0.6153846153846154,1,1_1,3
257,1,0.0,0,1_0,3
258,0,0.23076923076923078,1,0_1,5
259,1,0.0,0,1_0,1
260,1,0.07692307692307693,1,1_1,3
261,0,0.07692307692307693,1,0_1,3
262,0,0.6153846153846154,1,0_1,5
263,1,0.0,0,1_0,4
264,1,0.9230769230769231,1,1_1,4
265,1,0.07692307692307693,1,1_1,3
266,1,0.46153846153846156,1,1_1,5
267,0,0.07692307692307693,1,0_1,5
268,0,0.0,0,0_0,3
269,0,0.07692307692307693,1,0_1,3
270,1,0.07692307692307693,1,1_1,1
271,0,0.0,0,0_0,4
272,1,0.46153846153846156,1,1_1,2
273,0,0.07692307692307693,1,0_1,1
274,0,0.07692307692307693,1,0_1,1
275,0,0.3076923076923077,1,0_1,5
276,1,1.0,1,1_1,1
277,1,0.15384615384615385,1,1_1,4
278,0,0.23076923076923078,1,0_1,5
279,1,0.0,0,1_0,1
280,1,0.07692307692307693,1,1_1,3
281,1,0.0,0,1_0,4
282,0,0.23076923076923078,1,0_1,1
283,0,0.46153846153846156,1,0_1,1
284,0,0.0,0,0_0,4
285,0,0.07692307692307693,1,0_1,2
286,0,0.15384615384615385,1,0_1,3
287,1,0.5384615384615384,1,1_1,4
288,1,0.0,0,1_0,5
289,0,0.0,0,0_0,2
290,0,0.0,0,0_0,3
291,1,0.0,0,1_0,3
292,0,0.07692307692307693,1,0_1,5
293,1,0.0,0,1_0,4
294,0,0.0,0,0_0,3
295,0,0.15384615384615385,1,0_1,1
296,1,0.07692307692307693,1,1_1,3
297,0,0.0,0,0_0,3
298,1,1.0,1,1_1,5
299,0,0.3076923076923077,1,0_1,4
300,1,0.9230769230769231,1,1_1,5
301,1,0.07692307692307693,1,1_1,2
302,0,0.6923076923076923,1,0_1,4
303,1,0.07692307692307693,1,1_1,5
304,0,0.5384615384615384,1,0_1,1
305,0,0.0,0,0_0,1
306,0,0.0,0,0_0,5
307,1,0.3076923076923077,1,1_1,3
308,0,0.07692307692307693,1,0_1,3
309,1,0.07692307692307693,1,1_1,2
310,1,0.38461538461538464,1,1_1,5
311,0,0.07692307692307693,1,0_1,2
312,0,0.0,0,0_0,3
313,1,0.0,0,1_0,4
314,1,0.7692307692307693,1,1_1,1
315,1,0.0,0,1_0,2
316,1,0.0,0,1_0,2
317,1,0.0,0,1_0,1
318,0,0.0,0,0_0,1
319,0,0.0,0,0_0,2
320,0,0.38461538461538464,1,0_1,4
321,1,0.07692307692307693,1,1_1,4
322,0,0.23076923076923078,1,0_1,2
323,1,0.0,0,1_0,5
324,1,1.0,1,1_1,4
325,1,0.0,0,1_0,2
326,1,0.07692307692307693,1,1_1,4
327,0,0.07692307692307693,1,0_1,4
328,0,0.0,0,0_0,4
329,1,0.07692307692307693,1,1_1,1
330,1,0.5384615384615384,1,1_1,4
331,1,0.7692307692307693,1,1_1,4
332,0,0.0,0,0_0,3
333,1,0.3076923076923077,1,1_1,2
334,1,0.15384615384615385,1,1_1,1
335,0,0.15384615384615385,1,0_1,2
336,0,0.0,0,0_0,2
337,0,0.0,0,0_0,1
338,1,0.07692307692307693,1,1_1,5
339,1,1.0,1,1_1,4
340,1,0.07692307692307693,1,1_1,4
341,1,0.8461538461538461,1,1_1,5
342,0,0.15384615384615385,1,0_1,5
343,0,0.07692307692307693,1,0_1,2
344,0,0.0,0,0_0,2
345,0,0.0,0,0_0,2
346,0,0.07692307692307693,1,0_1,5
347,0,0.23076923076923078,1,0_1,3
348,1,0.0,0,1_0,1
349,1,0.07692307692307693,1,1_1,2
350,1,0.0,0,1_0,3
351,1,0.6923076923076923,1,1_1,4
352,0,0.0,0,0_0,3
353,1,0.07692307692307693,1,1_1,2
354,1,0.0,0,1_0,3
355,0,0.07692307692307693,1,0_1,2
356,1,0.15384615384615385,1,1_1,5
357,0,0.0,0,0_0,5
358,0,0.07692307692307693,1,0_1,3
359,1,0.07692307692307693,1,1_1,5
360,0,0.0,0,0_0,5
361,0,0.0,0,0_0,5
362,0,0.7692307692307693,1,0_1,2
363,1,0.9230769230769231,1,1_1,1
364,0,0.23076923076923078,1,0_1,5
365,0,0.15384615384615385,1,0_1,2
366,1,0.15384615384615385,1,1_1,3
367,1,0.38461538461538464,1,1_1,3
368,0,1.0,1,0_1,2
369,1,0.0,0,1_0,5
370,1,0.07692307692307693,1,1_1,2
371,1,0.07692307692307693,1,1_1,2
372,0,0.0,0,0_0,5
373,0,0.15384615384615385,1,0_1,3
374,0,0.38461538461538464,1,0_1,1
375,0,0.0,0,0_0,4
376,0,0.07692307692307693,1,0_1,2
377,0,0.0,0,0_0,4
378,0,0.0,0,0_0,2
379,0,0.07692307692307693,1,0_1,5
380,1,0.0,0,1_0,1
381,1,0.0,0,1_0,4
382,1,0.0,0,1_0,1
383,0,0.8461538461538461,1,0_1,5
384,0,0.6923076923076923,1,0_1,2
385,1,0.0,0,1_0,1
386,0,0.0,0,0_0,2
387,0,0.0,0,0_0,5
388,0,0.0,0,0_0,2
389,0,0.0,0,0_0,2
390,0,0.07692307692307693,1,0_1,5
391,0,0.23076923076923078,1,0_1,1
392,1,0.0,0,1_0,4
393,1,0.07692307692307693,1,1_1,3
394,0,0.0,0,0_0,4
395,1,0.23076923076923078,1,1_1,2
396,0,0.0,0,0_0,4
397,0,0.07692307692307693,1,0_1,2
398,0,0.6153846153846154,1,0_1,5
399,0,0.23076923076923078,1,0_1,4
400,0,0.07692307692307693,1,0_1,4
401,1,0.0,0,1_0,2
402,0,0.3076923076923077,1,0_1,4
403,1,0.23076923076923078,1,1_1,4
404,0,0.3076923076923077,1,0_1,3
405,1,0.38461538461538464,1,1_1,3
406,1,0.5384615384615384,1,1_1,4
407,0,0.3076923076923077,1,0_1,3
408,0,0.6923076923076923,1,0_1,4
409,1,0.07692307692307693,1,1_1,2
410,0,0.9230769230769231,1,0_1,5
411,1,0.07692307692307693,1,1_1,1
412,0,0.0,0,0_0,4
413,0,0.07692307692307693,1,0_1,1
414,0,0.0,0,0_0,5
415,1,0.07692307692307693,1,1_1,2
416,1,0.6153846153846154,1,1_1,2
417,0,0.07692307692307693,1,0_1,3
418,0,0.0,0,0_0,2
419,0,0.0,0,0_0,3
420,0,0.15384615384615385,1,0_1,4
421,0,0.07692307692307693,1,0_1,1
422,0,0.0,0,0_0,1
423,0,0.3076923076923077,1,0_1,3
424,0,0.07692307692307693,1,0_1,4
425,0,0.0,0,0_0,3
426,1,0.15384615384615385,1,1_1,2
427,1,0.07692307692307693,1,1_1,1
